<?xml version="1.0" encoding="UTF-8"?>
<GenRun Id="impl_1" LaunchPart="xc7z010clg400-1" LaunchTime="1482077414">
  <File Type="ROUTE-PWR-RPX" Name="zordon_wrapper_power_routed.rpx"/>
  <File Type="PA-TCL" Name="zordon_wrapper.tcl"/>
  <File Type="INIT-TIMING" Name="zordon_wrapper_timing_summary_init.rpt"/>
  <File Type="OPT-METHODOLOGY-DRC" Name="zordon_wrapper_methodology_drc_opted.rpt"/>
  <File Type="PWROPT-DRC" Name="zordon_wrapper_drc_pwropted.rpt"/>
  <File Type="RDI-RDI" Name="zordon_wrapper.vdi"/>
  <File Type="OPT-DCP" Name="zordon_wrapper_opt.dcp"/>
  <File Type="OPT-HWDEF" Name="zordon_wrapper.hwdef"/>
  <File Type="OPT-DRC" Name="zordon_wrapper_drc_opted.rpt"/>
  <File Type="OPT-TIMING" Name="zordon_wrapper_timing_summary_opted.rpt"/>
  <File Type="PWROPT-DCP" Name="zordon_wrapper_pwropt.dcp"/>
  <File Type="PWROPT-TIMING" Name="zordon_wrapper_timing_summary_pwropted.rpt"/>
  <File Type="PLACE-DCP" Name="zordon_wrapper_placed.dcp"/>
  <File Type="PLACE-IO" Name="zordon_wrapper_io_placed.rpt"/>
  <File Type="PLACE-CLK" Name="zordon_wrapper_clock_utilization_placed.rpt"/>
  <File Type="PLACE-UTIL" Name="zordon_wrapper_utilization_placed.rpt"/>
  <File Type="PLACE-UTIL-PB" Name="zordon_wrapper_utilization_placed.pb"/>
  <File Type="PLACE-CTRL" Name="zordon_wrapper_control_sets_placed.rpt"/>
  <File Type="PLACE-SIMILARITY" Name="zordon_wrapper_incremental_reuse_placed.rpt"/>
  <File Type="PLACE-PRE-SIMILARITY" Name="zordon_wrapper_incremental_reuse_pre_placed.rpt"/>
  <File Type="PLACE-TIMING" Name="zordon_wrapper_timing_summary_placed.rpt"/>
  <File Type="POSTPLACE-PWROPT-DCP" Name="zordon_wrapper_postplace_pwropt.dcp"/>
  <File Type="POSTPLACE-PWROPT-TIMING" Name="zordon_wrapper_timing_summary_postplace_pwropted.rpt"/>
  <File Type="PHYSOPT-DCP" Name="zordon_wrapper_physopt.dcp"/>
  <File Type="PHYSOPT-DRC" Name="zordon_wrapper_drc_physopted.rpt"/>
  <File Type="PHYSOPT-TIMING" Name="zordon_wrapper_timing_summary_physopted.rpt"/>
  <File Type="ROUTE-ERROR-DCP" Name="zordon_wrapper_routed_error.dcp"/>
  <File Type="ROUTE-DCP" Name="zordon_wrapper_routed.dcp"/>
  <File Type="ROUTE-BLACKBOX-DCP" Name="zordon_wrapper_routed_bb.dcp"/>
  <File Type="ROUTE-DRC" Name="zordon_wrapper_drc_routed.rpt"/>
  <File Type="ROUTE-DRC-PB" Name="zordon_wrapper_drc_routed.pb"/>
  <File Type="ROUTE-DRC-RPX" Name="zordon_wrapper_drc_routed.rpx"/>
  <File Type="BG-BIN" Name="zordon_wrapper.bin"/>
  <File Type="ROUTE-METHODOLOGY-DRC" Name="zordon_wrapper_methodology_drc_routed.rpt"/>
  <File Type="BG-DRC" Name="zordon_wrapper.drc"/>
  <File Type="ROUTE-METHODOLOGY-DRC-RPX" Name="zordon_wrapper_methodology_drc_routed.rpx"/>
  <File Type="BITSTR-MSK" Name="zordon_wrapper.msk"/>
  <File Type="ROUTE-METHODOLOGY-DRC-PB" Name="zordon_wrapper_methodology_drc_routed.pb"/>
  <File Type="BG-BGN" Name="zordon_wrapper.bgn"/>
  <File Type="ROUTE-PWR" Name="zordon_wrapper_power_routed.rpt"/>
  <File Type="ROUTE-PWR-SUM" Name="zordon_wrapper_power_summary_routed.pb"/>
  <File Type="ROUTE-STATUS" Name="zordon_wrapper_route_status.rpt"/>
  <File Type="ROUTE-STATUS-PB" Name="zordon_wrapper_route_status.pb"/>
  <File Type="ROUTE-TIMINGSUMMARY" Name="zordon_wrapper_timing_summary_routed.rpt"/>
  <File Type="ROUTE-TIMING-PB" Name="zordon_wrapper_timing_summary_routed.pb"/>
  <File Type="ROUTE-TIMING-RPX" Name="zordon_wrapper_timing_summary_routed.rpx"/>
  <File Type="ROUTE-SIMILARITY" Name="zordon_wrapper_incremental_reuse_routed.rpt"/>
  <File Type="ROUTE-CLK" Name="zordon_wrapper_clock_utilization_routed.rpt"/>
  <File Type="POSTROUTE-PHYSOPT-DCP" Name="zordon_wrapper_postroute_physopt.dcp"/>
  <File Type="POSTROUTE-PHYSOPT-BLACKBOX-DCP" Name="zordon_wrapper_postroute_physopt_bb.dcp"/>
  <File Type="POSTROUTE-PHYSOPT-TIMING" Name="zordon_wrapper_timing_summary_postroute_physopted.rpt"/>
  <File Type="POSTROUTE-PHYSOPT-TIMING-PB" Name="zordon_wrapper_timing_summary_postroute_physopted.pb"/>
  <File Type="POSTROUTE-PHYSOPT-TIMING-RPX" Name="zordon_wrapper_timing_summary_postroute_physopted.rpx"/>
  <File Type="BG-BIT" Name="zordon_wrapper.bit"/>
  <File Type="BITSTR-RBT" Name="zordon_wrapper.rbt"/>
  <File Type="BITSTR-NKY" Name="zordon_wrapper.nky"/>
  <File Type="BITSTR-BMM" Name="zordon_wrapper_bd.bmm"/>
  <File Type="BITSTR-MMI" Name="zordon_wrapper.mmi"/>
  <File Type="BITSTR-SYSDEF" Name="zordon_wrapper.sysdef"/>
  <File Type="WBT-USG" Name="usage_statistics_webtalk.html"/>
  <FileSet Name="sources" Type="DesignSrcs" RelSrcDir="$PSRCDIR/sources_1">
    <Filter Type="Srcs"/>
    <File Path="$PSRCDIR/sources_1/bd/zordon/zordon.bd">
      <FileInfo>
        <Attr Name="ImportPath" Val="D:/OneDrive/mag/MSc_ZYBO/magisterium/magisterium.srcs/sources_1/bd/zordon/zordon.bd"/>
        <Attr Name="ImportTime" Val="1477741019"/>
        <Attr Name="UsedIn" Val="synthesis"/>
        <Attr Name="UsedIn" Val="implementation"/>
        <Attr Name="UsedIn" Val="simulation"/>
      </FileInfo>
    </File>
    <File Path="$PSRCDIR/sources_1/bd/zordon/hdl/zordon_wrapper.v">
      <FileInfo>
        <Attr Name="ImportPath" Val="$PPRDIR/../magisterium/magisterium.srcs/sources_1/bd/zordon/hdl/zordon_wrapper.v"/>
        <Attr Name="ImportTime" Val="1481753565"/>
        <Attr Name="UsedIn" Val="synthesis"/>
        <Attr Name="UsedIn" Val="implementation"/>
        <Attr Name="UsedIn" Val="simulation"/>
      </FileInfo>
    </File>
    <Config>
      <Option Name="DesignMode" Val="RTL"/>
      <Option Name="TopModule" Val="zordon_wrapper"/>
      <Option Name="TopAutoSet" Val="TRUE"/>
    </Config>
  </FileSet>
  <FileSet Name="constrs_in" Type="Constrs" RelSrcDir="$PSRCDIR/constrs_1">
    <Filter Type="Constrs"/>
    <File Path="$PSRCDIR/constrs_1/imports/project_2.hw/ZYBO_Master.xdc">
      <FileInfo>
        <Attr Name="ImportPath" Val="D:/OneDrive/mag/MSc_ZYBO/magisterium/magisterium.srcs/constrs_1/imports/project_2.hw/ZYBO_Master.xdc"/>
        <Attr Name="ImportTime" Val="1470510088"/>
        <Attr Name="UsedIn" Val="synthesis"/>
        <Attr Name="UsedIn" Val="implementation"/>
      </FileInfo>
    </File>
    <Config>
      <Option Name="TargetConstrsFile" Val="$PSRCDIR/constrs_1/imports/project_2.hw/ZYBO_Master.xdc"/>
      <Option Name="ConstrsType" Val="XDC"/>
    </Config>
  </FileSet>
  <Strategy Version="1" Minor="2">
    <StratHandle Name="Vivado Implementation Defaults" Flow="Vivado Implementation 2015"/>
    <Step Id="init_design"/>
    <Step Id="opt_design"/>
    <Step Id="power_opt_design"/>
    <Step Id="place_design"/>
    <Step Id="post_place_power_opt_design"/>
    <Step Id="phys_opt_design"/>
    <Step Id="route_design"/>
    <Step Id="post_route_phys_opt_design"/>
    <Step Id="write_bitstream"/>
  </Strategy>
</GenRun>
