<?xml version="1.0" encoding="UTF-8"?>
<GenRun Id="synth_1" LaunchPart="xc7z010clg400-1" LaunchTime="1482077413">
  <File Type="PA-TCL" Name="zordon_wrapper.tcl"/>
  <File Type="RDS-PROPCONSTRS" Name="zordon_wrapper_drc_synth.rpt"/>
  <File Type="RDS-RDS" Name="zordon_wrapper.vds"/>
  <File Type="RDS-UTIL" Name="zordon_wrapper_utilization_synth.rpt"/>
  <File Type="RDS-UTIL-PB" Name="zordon_wrapper_utilization_synth.pb"/>
  <File Type="RDS-DCP" Name="zordon_wrapper.dcp"/>
  <File Type="VDS-TIMINGSUMMARY" Name="zordon_wrapper_timing_summary_synth.rpt"/>
  <File Type="VDS-TIMING-PB" Name="zordon_wrapper_timing_summary_synth.pb"/>
  <FileSet Name="sources" Type="DesignSrcs" RelSrcDir="$PSRCDIR/sources_1">
    <Filter Type="Srcs"/>
    <File Path="$PSRCDIR/sources_1/bd/zordon/zordon.bd">
      <FileInfo>
        <Attr Name="ImportPath" Val="D:/OneDrive/mag/MSc_ZYBO/magisterium/magisterium.srcs/sources_1/bd/zordon/zordon.bd"/>
        <Attr Name="ImportTime" Val="1477741019"/>
        <Attr Name="UsedIn" Val="synthesis"/>
        <Attr Name="UsedIn" Val="implementation"/>
        <Attr Name="UsedIn" Val="simulation"/>
      </FileInfo>
    </File>
    <File Path="$PSRCDIR/sources_1/bd/zordon/hdl/zordon_wrapper.v">
      <FileInfo>
        <Attr Name="ImportPath" Val="$PPRDIR/../magisterium/magisterium.srcs/sources_1/bd/zordon/hdl/zordon_wrapper.v"/>
        <Attr Name="ImportTime" Val="1481753565"/>
        <Attr Name="UsedIn" Val="synthesis"/>
        <Attr Name="UsedIn" Val="implementation"/>
        <Attr Name="UsedIn" Val="simulation"/>
      </FileInfo>
    </File>
    <Config>
      <Option Name="DesignMode" Val="RTL"/>
      <Option Name="TopModule" Val="zordon_wrapper"/>
      <Option Name="TopAutoSet" Val="TRUE"/>
    </Config>
  </FileSet>
  <FileSet Name="constrs_in" Type="Constrs" RelSrcDir="$PSRCDIR/constrs_1">
    <Filter Type="Constrs"/>
    <File Path="$PSRCDIR/constrs_1/imports/project_2.hw/ZYBO_Master.xdc">
      <FileInfo>
        <Attr Name="ImportPath" Val="D:/OneDrive/mag/MSc_ZYBO/magisterium/magisterium.srcs/constrs_1/imports/project_2.hw/ZYBO_Master.xdc"/>
        <Attr Name="ImportTime" Val="1470510088"/>
        <Attr Name="UsedIn" Val="synthesis"/>
        <Attr Name="UsedIn" Val="implementation"/>
      </FileInfo>
    </File>
    <Config>
      <Option Name="TargetConstrsFile" Val="$PSRCDIR/constrs_1/imports/project_2.hw/ZYBO_Master.xdc"/>
      <Option Name="ConstrsType" Val="XDC"/>
    </Config>
  </FileSet>
  <Strategy Version="1" Minor="2">
    <StratHandle Name="Vivado Synthesis Defaults" Flow="Vivado Synthesis 2015"/>
    <Step Id="synth_design"/>
  </Strategy>
</GenRun>
